{"cameraMode":{"drawMode":0,"name":"Shaded","section":"Shading Mode"},"sceneLighting":false,"audioPlay":false,"sceneViewState":{"m_AlwaysRefresh":false,"showFog":true,"showSkybox":true,"showFlares":true,"showImageEffects":true,"showParticleSystems":true,"showVisualEffectGraphs":true,"m_FxEnabled":true},"in2DMode":false,"pivot":{"x":21.878889083862306,"y":1.568751335144043,"z":6.777987003326416},"rotation":{"x":0.1959325522184372,"y":0.15662816166877747,"z":-0.03171852231025696,"w":0.9675096273422241},"size":13.282851219177246,"orthographic":false}