{"cameraMode":{"drawMode":0,"name":"Shaded","section":"Shading Mode"},"sceneLighting":false,"audioPlay":false,"sceneViewState":{"m_AlwaysRefresh":false,"showFog":true,"showSkybox":true,"showFlares":true,"showImageEffects":true,"showParticleSystems":true,"showVisualEffectGraphs":true,"m_FxEnabled":true},"in2DMode":false,"pivot":{"x":45.047691345214847,"y":-41.644187927246097,"z":25.287872314453126},"rotation":{"x":0.43478453159332278,"y":0.09292197227478028,"z":-0.04516163468360901,"w":0.894588828086853},"size":54.139923095703128,"orthographic":false}